ETYPE,FREQ,EVENT
   HIGH SURF ADVISORY,1,SURF
 COASTAL FLOOD,1,FLOOD
 FLASH FLOOD,1,FLOOD
 LIGHTNING,1,LIGHTNING
 TSTM WIND,4,WIND
 TSTM WIND (G45),1,WIND
 WATERSPOUT,1,TORNADO
 WIND,1,WIND
?,1,
ABNORMAL WARMTH,4,HEAT
ABNORMALLY DRY,2,DROUGHT
ABNORMALLY WET,1,HEAVY RAINS
ACCUMULATED SNOWFALL,4,WINTER WEATHER
AGRICULTURAL FREEZE,6,WINTER WEATHER
APACHE COUNTY,1,
ASTRONOMICAL HIGH TIDE,103,SURF
ASTRONOMICAL LOW TIDE,174,ASTRONOMICAL LOW TIDE
AVALANCE,1,AVALANCHE
AVALANCHE,386,AVALANCHE
BEACH EROSIN,1,FLOOD
BEACH EROSION,3,FLOOD
Beach Erosion,1,FLOOD
BEACH EROSION/COASTAL FLOOD,1,FLOOD
BEACH FLOOD,2,FLOOD
BELOW NORMAL PRECIPITATION,2,DROUGHT
BITTER WIND CHILL,1,WINTER WEATHER
BITTER WIND CHILL TEMPERATURES,3,WINTER WEATHER
BLACK ICE,14,WINTER WEATHER
Black Ice,3,WINTER WEATHER
BLIZZARD,2719,WINTER WEATHER
BLIZZARD AND EXTREME WIND CHIL,2,WINTER WEATHER
BLIZZARD AND HEAVY SNOW,1,WINTER WEATHER
Blizzard Summary,1,WINTER WEATHER
BLIZZARD WEATHER,1,WINTER WEATHER
BLIZZARD/FREEZING RAIN,1,WINTER WEATHER
BLIZZARD/HEAVY SNOW,2,WINTER WEATHER
BLIZZARD/HIGH WIND,1,WINTER WEATHER
BLIZZARD/WINTER STORM,1,WINTER WEATHER
BLOWING DUST,4,DUST STORM
BLOWING SNOW,12,WINTER WEATHER
Blowing Snow,3,WINTER WEATHER
blowing snow,2,WINTER WEATHER
BLOWING SNOW & EXTREME WIND CH,2,WINTER WEATHER
BLOWING SNOW- EXTREME WIND CHI,1,WINTER WEATHER
BLOWING SNOW/EXTREME WIND CHIL,1,WINTER WEATHER
BLOW-OUT TIDE,1,ASTRONOMICAL LOW TIDE
BLOW-OUT TIDES,1,ASTRONOMICAL LOW TIDE
BREAKUP FLOODING,1,FLOOD
BRUSH FIRE,3,WILDFIRE
BRUSH FIRES,1,WILDFIRE
COASTAL  FLOODING/EROSION,1,FLOOD
COASTAL EROSION,1,FLOOD
COASTAL FLOOD,650,FLOOD
Coastal Flood,6,FLOOD
COASTAL FLOODING,143,FLOOD
Coastal Flooding,38,FLOOD
coastal flooding,2,FLOOD
COASTAL FLOODING/EROSION,5,FLOOD
COASTAL STORM,8,TROPICAL STORM
Coastal Storm,2,TROPICAL STORM
COASTAL SURGE,2,STORM SURGE
COASTAL/TIDAL FLOOD,2,FLOOD
COASTALFLOOD,1,FLOOD
COASTALSTORM,1,TROPICAL STORM
COLD,72,WINTER WEATHER
Cold,10,WINTER WEATHER
COLD AIR FUNNEL,4,FUNNEL CLOUD
COLD AIR FUNNELS,2,FUNNEL CLOUD
COLD AIR TORNADO,1,TORNADO
Cold and Frost,6,WINTER WEATHER
COLD AND FROST,1,WINTER WEATHER
COLD AND SNOW,1,WINTER WEATHER
COLD AND WET CONDITIONS,1,WINTER WEATHER
Cold Temperature,2,WINTER WEATHER
COLD TEMPERATURES,4,WINTER WEATHER
COLD WAVE,3,WINTER WEATHER
COLD WEATHER,4,WINTER WEATHER
COLD WIND CHILL TEMPERATURES,6,WINTER WEATHER
COLD/WIND CHILL,539,WINTER WEATHER
COLD/WINDS,1,WINTER WEATHER
COOL AND WET,1,
COOL SPELL,1,WINTER WEATHER
CSTL FLOODING/EROSION,2,FLOOD
DAM BREAK,4,FLOOD
DAM FAILURE,1,FLOOD
DAMAGING FREEZE,6,WINTER WEATHER
Damaging Freeze,2,WINTER WEATHER
DEEP HAIL,1,HAIL
DENSE FOG,1293,FOG
DENSE SMOKE,10,WILDFIRE
DOWNBURST,2,WIND
DOWNBURST WINDS,2,WIND
DRIEST MONTH,1,DROUGHT
Drifting Snow,1,WINTER WEATHER
DROUGHT,2488,DROUGHT
DROUGHT/EXCESSIVE HEAT,13,HEAT
DROWNING,1,
DRY,9,DROUGHT
DRY CONDITIONS,6,DROUGHT
DRY HOT WEATHER,1,HEAT
DRY MICROBURST,186,WIND
DRY MICROBURST 50,1,WIND
DRY MICROBURST 53,1,WIND
DRY MICROBURST 58,2,WIND
DRY MICROBURST 61,1,WIND
DRY MICROBURST 84,1,WIND
DRY MICROBURST WINDS,5,WIND
DRY MIRCOBURST WINDS,1,WIND
DRY PATTERN,1,DROUGHT
DRY SPELL,4,DROUGHT
DRY WEATHER,4,DROUGHT
DRYNESS,1,DROUGHT
DUST DEVEL,1,DUST STORM
DUST DEVIL,141,DUST STORM
Dust Devil,8,DUST STORM
DUST DEVIL WATERSPOUT,1,DUST STORM
DUST STORM,427,DUST STORM
DUST STORM/HIGH WINDS,1,DUST STORM
DUSTSTORM,1,DUST STORM
EARLY FREEZE,1,WINTER WEATHER
Early Frost,1,WINTER WEATHER
EARLY FROST,1,WINTER WEATHER
EARLY RAIN,1,
EARLY SNOW,3,WINTER WEATHER
EARLY SNOWFALL,5,WINTER WEATHER
Early snowfall,2,WINTER WEATHER
Erosion/Cstl Flood,2,FLOOD
EXCESSIVE,1,
Excessive Cold,2,WINTER WEATHER
EXCESSIVE HEAT,1678,HEAT
EXCESSIVE HEAT/DROUGHT,1,HEAT
EXCESSIVE PRECIPITATION,1,HEAVY RAINS
EXCESSIVE RAIN,5,HEAVY RAINS
EXCESSIVE RAINFALL,4,HEAVY RAINS
EXCESSIVE SNOW,25,WINTER WEATHER
EXCESSIVE WETNESS,1,HEAVY RAINS
EXCESSIVELY DRY,1,DROUGHT
Extended Cold,1,WINTER WEATHER
EXTREME COLD,655,WINTER WEATHER
Extreme Cold,2,WINTER WEATHER
EXTREME COLD/WIND CHILL,1002,WINTER WEATHER
EXTREME HEAT,22,HEAT
EXTREME WIND CHILL,6,WINTER WEATHER
EXTREME WIND CHILL/BLOWING SNO,1,WINTER WEATHER
EXTREME WIND CHILLS,1,WINTER WEATHER
EXTREME WINDCHILL,204,WINTER WEATHER
EXTREME WINDCHILL TEMPERATURES,19,WINTER WEATHER
EXTREME/RECORD COLD,4,WINTER WEATHER
EXTREMELY WET,1,HEAVY RAINS
FALLING SNOW/ICE,2,WINTER WEATHER
FIRST FROST,1,WINTER WEATHER
FIRST SNOW,9,WINTER WEATHER
FLASH FLOOD,54277,FLOOD
FLASH FLOOD - HEAVY RAIN,2,FLOOD
FLASH FLOOD FROM ICE JAMS,5,FLOOD
FLASH FLOOD LANDSLIDES,1,FLOOD
FLASH FLOOD WINDS,1,FLOOD
FLASH FLOOD/,1,FLOOD
FLASH FLOOD/ FLOOD,2,FLOOD
FLASH FLOOD/ STREET,1,FLOOD
FLASH FLOOD/FLOOD,22,FLOOD
FLASH FLOOD/HEAVY RAIN,1,FLOOD
FLASH FLOOD/LANDSLIDE,1,FLOOD
FLASH FLOODING,682,FLOOD
FLASH FLOODING/FLOOD,8,FLOOD
FLASH FLOODING/THUNDERSTORM WI,1,FLOOD
FLASH FLOODS,32,FLOOD
FLASH FLOOODING,1,FLOOD
FLOOD,25326,FLOOD
Flood,1,FLOOD
FLOOD & HEAVY RAIN,2,FLOOD
FLOOD FLASH,3,FLOOD
FLOOD FLOOD/FLASH,1,FLOOD
FLOOD WATCH/,1,FLOOD
FLOOD/FLASH,2,FLOOD
FLOOD/FLASH FLOOD,624,FLOOD
Flood/Flash Flood,1,FLOOD
FLOOD/FLASH FLOODING,2,FLOOD
FLOOD/FLASH/FLOOD,1,FLOOD
FLOOD/FLASHFLOOD,1,FLOOD
FLOOD/RAIN/WIND,1,FLOOD
FLOOD/RAIN/WINDS,6,FLOOD
FLOOD/RIVER FLOOD,1,FLOOD
Flood/Strong Wind,1,FLOOD
FLOODING,120,FLOOD
FLOODING/HEAVY RAIN,1,FLOOD
FLOODS,3,FLOOD
FOG,538,FOG
FOG AND COLD TEMPERATURES,1,FOG
FOREST FIRES,1,WILDFIRE
FREEZE,74,WINTER WEATHER
Freeze,2,WINTER WEATHER
FREEZING DRIZZLE,20,WINTER WEATHER
Freezing Drizzle,3,WINTER WEATHER
Freezing drizzle,1,WINTER WEATHER
FREEZING DRIZZLE AND FREEZING,1,WINTER WEATHER
FREEZING FOG,45,WINTER WEATHER
Freezing Fog,1,WINTER WEATHER
FREEZING RAIN,250,WINTER WEATHER
Freezing Rain,7,WINTER WEATHER
Freezing rain,3,WINTER WEATHER
FREEZING RAIN AND SLEET,6,WINTER WEATHER
FREEZING RAIN AND SNOW,1,WINTER WEATHER
FREEZING RAIN SLEET AND,1,WINTER WEATHER
FREEZING RAIN SLEET AND LIGHT,1,WINTER WEATHER
FREEZING RAIN/SLEET,9,WINTER WEATHER
FREEZING RAIN/SNOW,4,WINTER WEATHER
Freezing Spray,1,WINTER WEATHER
FROST,53,WINTER WEATHER
Frost,4,WINTER WEATHER
FROST/FREEZE,1342,WINTER WEATHER
Frost/Freeze,1,WINTER WEATHER
FROST\FREEZE,1,WINTER WEATHER
FUNNEL,46,FUNNEL CLOUD
FUNNEL CLOUD,6839,FUNNEL CLOUD
Funnel Cloud,5,FUNNEL CLOUD
FUNNEL CLOUD.,1,FUNNEL CLOUD
FUNNEL CLOUD/HAIL,1,FUNNEL CLOUD
FUNNEL CLOUDS,87,FUNNEL CLOUD
FUNNELS,1,FUNNEL CLOUD
GLAZE,32,WINTER WEATHER
Glaze,11,WINTER WEATHER
GLAZE ICE,2,WINTER WEATHER
GLAZE/ICE STORM,1,WINTER WEATHER
Gradient wind,4,WIND
GRADIENT WIND,3,WIND
gradient wind,2,WIND
GRADIENT WINDS,8,WIND
GRASS FIRES,1,WILDFIRE
GROUND BLIZZARD,2,WINTER WEATHER
GUSTNADO,6,WIND
GUSTNADO AND,1,WIND
GUSTY LAKE WIND,1,WIND
GUSTY THUNDERSTORM WIND,3,WIND
GUSTY THUNDERSTORM WINDS,5,WIND
GUSTY WIND,23,WIND
Gusty Wind,1,WIND
GUSTY WIND/HAIL,1,WIND
GUSTY WIND/HVY RAIN,1,WIND
Gusty wind/rain,1,WIND
GUSTY WINDS,53,WIND
Gusty Winds,10,WIND
Gusty winds,2,WIND
HAIL,288661,HAIL
HAIL 0.75,18,HAIL
HAIL 0.88,1,HAIL
HAIL 075,1,HAIL
HAIL 088,1,HAIL
HAIL 1.00,6,HAIL
HAIL 1.75,4,HAIL
HAIL 1.75),1,HAIL
HAIL 100,13,HAIL
HAIL 125,1,HAIL
HAIL 150,2,HAIL
HAIL 175,13,HAIL
HAIL 200,1,HAIL
HAIL 225,1,HAIL
HAIL 275,3,HAIL
HAIL 450,1,HAIL
HAIL 75,29,HAIL
HAIL 80,2,HAIL
HAIL 88,1,HAIL
HAIL ALOFT,1,HAIL
HAIL DAMAGE,2,HAIL
HAIL FLOODING,1,HAIL
HAIL STORM,1,HAIL
Hail(0.75),1,HAIL
HAIL/ICY ROADS,1,HAIL
HAIL/WIND,3,HAIL
HAIL/WINDS,2,HAIL
HAILSTORM,3,HAIL
HAILSTORMS,1,HAIL
HARD FREEZE,7,WINTER WEATHER
HAZARDOUS SURF,1,SURF
HEAT,767,HEAT
HEAT DROUGHT,1,DROUGHT
HEAT WAVE,74,HEAT
Heat Wave,1,HEAT
HEAT WAVE DROUGHT,1,HEAT
HEAT WAVES,2,HEAT
HEAT/DROUGHT,1,HEAT
Heatburst,1,HEAT
HEAVY LAKE SNOW,25,WINTER WEATHER
HEAVY MIX,8,WINTER WEATHER
HEAVY PRECIPATATION,1,HEAVY RAINS
Heavy Precipitation,2,HEAVY RAINS
HEAVY PRECIPITATION,1,HEAVY RAINS
HEAVY RAIN,11723,HEAVY RAINS
Heavy Rain,16,HEAVY RAINS
Heavy rain,3,HEAVY RAINS
HEAVY RAIN AND FLOOD,1,FLOOD
Heavy Rain and Wind,4,HEAVY RAINS
HEAVY RAIN EFFECTS,1,HEAVY RAINS
HEAVY RAIN/FLOODING,2,FLOOD
Heavy Rain/High Surf,1,SURF
HEAVY RAIN/LIGHTNING,1,HEAVY RAINS
HEAVY RAIN/MUDSLIDES/FLOOD,1,HEAVY RAINS
HEAVY RAIN/SEVERE WEATHER,2,HEAVY RAINS
HEAVY RAIN/SMALL STREAM URBAN,1,HEAVY RAINS
HEAVY RAIN/SNOW,1,HEAVY RAINS
HEAVY RAIN/URBAN FLOOD,1,HEAVY RAINS
HEAVY RAIN/WIND,4,HEAVY RAINS
HEAVY RAIN; URBAN FLOOD WINDS;,1,HEAVY RAINS
HEAVY RAINFALL,3,HEAVY RAINS
HEAVY RAINS,26,HEAVY RAINS
HEAVY RAINS/FLOODING,9,HEAVY RAINS
HEAVY SEAS,2,STORM SURGE
HEAVY SHOWER,2,HEAVY RAINS
HEAVY SHOWERS,1,HEAVY RAINS
HEAVY SNOW,15708,WINTER WEATHER
HEAVY SNOW   FREEZING RAIN,1,WINTER WEATHER
HEAVY SNOW & ICE,1,WINTER WEATHER
HEAVY SNOW AND,1,WINTER WEATHER
HEAVY SNOW AND HIGH WINDS,2,WINTER WEATHER
HEAVY SNOW AND ICE,2,WINTER WEATHER
HEAVY SNOW AND ICE STORM,2,WINTER WEATHER
HEAVY SNOW AND STRONG WINDS,1,WINTER WEATHER
HEAVY SNOW ANDBLOWING SNOW,1,WINTER WEATHER
Heavy snow shower,1,WINTER WEATHER
HEAVY SNOW SQUALLS,32,WINTER WEATHER
HEAVY SNOW/BLIZZARD,3,WINTER WEATHER
HEAVY SNOW/BLIZZARD/AVALANCHE,1,WINTER WEATHER
HEAVY SNOW/BLOWING SNOW,1,WINTER WEATHER
HEAVY SNOW/FREEZING RAIN,2,WINTER WEATHER
HEAVY SNOW/HIGH,1,WINTER WEATHER
HEAVY SNOW/HIGH WIND,1,WINTER WEATHER
HEAVY SNOW/HIGH WINDS,1,WINTER WEATHER
HEAVY SNOW/HIGH WINDS & FLOOD,1,WINTER WEATHER
HEAVY SNOW/HIGH WINDS/FREEZING,1,WINTER WEATHER
HEAVY SNOW/ICE,5,WINTER WEATHER
HEAVY SNOW/ICE STORM,2,WINTER WEATHER
HEAVY SNOW/SLEET,1,WINTER WEATHER
HEAVY SNOW/SQUALLS,2,WINTER WEATHER
HEAVY SNOW/WIND,1,WINTER WEATHER
HEAVY SNOW/WINTER STORM,1,WINTER WEATHER
HEAVY SNOWPACK,1,WINTER WEATHER
HEAVY SNOW-SQUALLS,15,WINTER WEATHER
HEAVY SURF,84,SURF
Heavy Surf,3,SURF
Heavy surf and wind,1,SURF
HEAVY SURF COASTAL FLOODING,1,SURF
HEAVY SURF/HIGH SURF,228,SURF
HEAVY SWELLS,1,STORM SURGE
HEAVY WET SNOW,1,WINTER WEATHER
HIGH,1,
HIGH  SWELLS,1,STORM SURGE
HIGH  WINDS,1,WIND
HIGH SEAS,8,STORM SURGE
HIGH SURF,725,SURF
High Surf,9,SURF
HIGH SURF ADVISORIES,1,SURF
HIGH SURF ADVISORY,4,SURF
HIGH SWELLS,5,STORM SURGE
HIGH TEMPERATURE RECORD,3,HEAT
HIGH TIDES,2,SURF
HIGH WATER,6,SURF
HIGH WAVES,3,SURF
HIGH WIND,20212,WIND
High Wind,2,WIND
HIGH WIND (G40),2,WIND
HIGH WIND 48,1,WIND
HIGH WIND 63,1,WIND
HIGH WIND 70,1,WIND
HIGH WIND AND HEAVY SNOW,1,WINTER WEATHER
HIGH WIND AND HIGH TIDES,2,SURF
HIGH WIND AND SEAS,1,SURF
HIGH WIND DAMAGE,2,WIND
HIGH WIND/ BLIZZARD,1,WINTER WEATHER
HIGH WIND/BLIZZARD,6,WINTER WEATHER
HIGH WIND/BLIZZARD/FREEZING RA,1,WINTER WEATHER
HIGH WIND/HEAVY SNOW,3,WINTER WEATHER
HIGH WIND/LOW WIND CHILL,1,WIND
HIGH WIND/SEAS,1,SURF
HIGH WIND/WIND CHILL,1,WIND
HIGH WIND/WIND CHILL/BLIZZARD,1,WINTER WEATHER
HIGH WINDS,1533,WIND
HIGH WINDS 55,1,WIND
HIGH WINDS 57,1,WIND
HIGH WINDS 58,1,WIND
HIGH WINDS 63,2,WIND
HIGH WINDS 66,2,WIND
HIGH WINDS 67,1,WIND
HIGH WINDS 73,1,WIND
HIGH WINDS 76,1,WIND
HIGH WINDS 80,2,WIND
HIGH WINDS 82,1,WIND
HIGH WINDS AND WIND CHILL,1,WIND
HIGH WINDS DUST STORM,1,DUST STORM
HIGH WINDS HEAVY RAINS,1,WIND
HIGH WINDS/,1,WIND
HIGH WINDS/COASTAL FLOOD,1,FLOOD
HIGH WINDS/COLD,5,WINTER WEATHER
HIGH WINDS/FLOODING,1,FLOOD
HIGH WINDS/HEAVY RAIN,1,HEAVY RAINS
HIGH WINDS/SNOW,3,WINTER WEATHER
HIGHWAY FLOODING,1,FLOOD
Hot and Dry,2,DROUGHT
HOT PATTERN,1,HEAT
HOT SPELL,2,HEAT
HOT WEATHER,1,HEAT
HOT/DRY PATTERN,1,HEAT
HURRICANE,174,HURRICANE
Hurricane Edouard,2,HURRICANE
HURRICANE EMILY,1,HURRICANE
HURRICANE ERIN,7,HURRICANE
HURRICANE FELIX,2,HURRICANE
HURRICANE GORDON,1,HURRICANE
HURRICANE OPAL,9,HURRICANE
HURRICANE OPAL/HIGH WINDS,1,HURRICANE
HURRICANE/TYPHOON,88,HURRICANE
HURRICANE-GENERATED SWELLS,3,STORM SURGE
HVY RAIN,2,HEAVY RAINS
HYPERTHERMIA/EXPOSURE,1,WINTER WEATHER
HYPOTHERMIA,1,WINTER WEATHER
Hypothermia/Exposure,3,WINTER WEATHER
HYPOTHERMIA/EXPOSURE,3,WINTER WEATHER
ICE,61,WINTER WEATHER
ICE AND SNOW,1,WINTER WEATHER
ICE FLOES,2,WINTER WEATHER
Ice Fog,2,WINTER WEATHER
ICE JAM,4,WINTER WEATHER
Ice jam flood (minor,1,WINTER WEATHER
ICE JAM FLOODING,5,WINTER WEATHER
ICE ON ROAD,1,WINTER WEATHER
ICE PELLETS,1,HAIL
ICE ROADS,1,WINTER WEATHER
ICE STORM,2006,WINTER WEATHER
ICE STORM AND SNOW,1,WINTER WEATHER
ICE STORM/FLASH FLOOD,1,WINTER WEATHER
ICE/SNOW,3,WINTER WEATHER
Ice/Snow,2,WINTER WEATHER
ICE/STRONG WINDS,1,WINTER WEATHER
Icestorm/Blizzard,1,WINTER WEATHER
ICY ROADS,28,WINTER WEATHER
Icy Roads,4,WINTER WEATHER
LACK OF SNOW,1,WINTER WEATHER
LAKE EFFECT SNOW,21,WINTER WEATHER
Lake Effect Snow,2,WINTER WEATHER
LAKE FLOOD,1,FLOOD
LAKE-EFFECT SNOW,636,WINTER WEATHER
LAKESHORE FLOOD,23,FLOOD
LANDSLIDE,600,OTHER
LANDSLIDE/URBAN FLOOD,1,OTHER
LANDSLIDES,8,OTHER
Landslump,1,OTHER
LANDSLUMP,1,OTHER
LANDSPOUT,2,TORNADO
LARGE WALL CLOUD,1,FUNNEL CLOUD
LATE FREEZE,1,WINTER WEATHER
LATE SEASON HAIL,1,HAIL
LATE SEASON SNOW,1,WINTER WEATHER
Late Season Snowfall,2,WINTER WEATHER
LATE SNOW,2,WINTER WEATHER
Late-season Snowfall,1,WINTER WEATHER
LIGHT FREEZING RAIN,23,WINTER WEATHER
LIGHT SNOW,154,WINTER WEATHER
Light Snow,21,WINTER WEATHER
Light snow,1,WINTER WEATHER
LIGHT SNOW AND SLEET,2,WINTER WEATHER
Light Snow/Flurries,3,WINTER WEATHER
LIGHT SNOW/FREEZING PRECIP,1,WINTER WEATHER
Light Snowfall,1,WINTER WEATHER
LIGHTING,3,LIGHTNING
LIGHTNING,15754,LIGHTNING
LIGHTNING  WAUSEON,1,LIGHTNING
LIGHTNING AND HEAVY RAIN,1,LIGHTNING
LIGHTNING AND THUNDERSTORM WIN,1,LIGHTNING
LIGHTNING AND WINDS,1,LIGHTNING
LIGHTNING DAMAGE,1,LIGHTNING
LIGHTNING FIRE,1,LIGHTNING
LIGHTNING INJURY,1,LIGHTNING
LIGHTNING THUNDERSTORM WINDS,1,LIGHTNING
LIGHTNING THUNDERSTORM WINDSS,1,LIGHTNING
LIGHTNING.,1,LIGHTNING
LIGHTNING/HEAVY RAIN,1,LIGHTNING
LIGNTNING,1,LIGHTNING
LOCAL FLASH FLOOD,1,FLOOD
LOCAL FLOOD,1,FLOOD
LOCALLY HEAVY RAIN,1,HEAVY RAINS
LOW TEMPERATURE,7,WINTER WEATHER
LOW TEMPERATURE RECORD,1,WINTER WEATHER
LOW WIND CHILL,1,WINTER WEATHER
MAJOR FLOOD,3,FLOOD
Marine Accident,1,
MARINE HAIL,442,HAIL
MARINE HIGH WIND,135,WIND
MARINE MISHAP,2,
MARINE STRONG WIND,48,WIND
MARINE THUNDERSTORM WIND,5812,WIND
MARINE TSTM WIND,6175,WIND
"Metro Storm, May 26",1,WIND
MICROBURST,5,WIND
Microburst,4,WIND
MICROBURST WINDS,5,WIND
Mild and Dry Pattern,1,DROUGHT
MILD PATTERN,1,DROUGHT
MILD/DRY PATTERN,1,DROUGHT
MINOR FLOOD,1,FLOOD
MINOR FLOODING,3,FLOOD
Minor Flooding,1,FLOOD
MIXED PRECIP,10,WINTER WEATHER
MIXED PRECIPITATION,34,WINTER WEATHER
Mixed Precipitation,3,WINTER WEATHER
MODERATE SNOW,1,WINTER WEATHER
MODERATE SNOWFALL,101,WINTER WEATHER
MONTHLY PRECIPITATION,36,HEAVY RAINS
MONTHLY RAINFALL,11,HEAVY RAINS
Monthly Rainfall,2,HEAVY RAINS
Monthly Snowfall,1,WINTER WEATHER
MONTHLY SNOWFALL,1,WINTER WEATHER
MONTHLY TEMPERATURE,4,
Mountain Snows,1,WINTER WEATHER
MUD SLIDE,7,OTHER
MUD SLIDES,1,OTHER
MUD SLIDES URBAN FLOODING,1,OTHER
MUD/ROCK SLIDE,1,OTHER
MUDSLIDE,9,OTHER
Mudslide,8,OTHER
MUDSLIDE/LANDSLIDE,1,OTHER
Mudslides,5,OTHER
MUDSLIDES,4,OTHER
NEAR RECORD SNOW,1,WINTER WEATHER
No Severe Weather,1,
NON SEVERE HAIL,7,HAIL
NON TSTM WIND,2,WIND
NONE,2,
NON-SEVERE WIND DAMAGE,1,WIND
NON-TSTM WIND,1,WIND
NORMAL PRECIPITATION,3,
NORTHERN LIGHTS,1,
OTHER,48,OTHER
Other,4,OTHER
PATCHY DENSE FOG,3,FOG
PATCHY ICE,1,WINTER WEATHER
PROLONG COLD,17,WINTER WEATHER
Prolong Cold,5,WINTER WEATHER
PROLONG COLD/SNOW,1,WINTER WEATHER
PROLONG WARMTH,4,HEAT
PROLONGED RAIN,4,HEAVY RAINS
RAIN,16,HEAVY RAINS
RAIN (HEAVY),1,HEAVY RAINS
RAIN AND WIND,1,HEAVY RAINS
Rain Damage,1,HEAVY RAINS
RAIN/SNOW,5,HEAVY RAINS
RAIN/WIND,1,HEAVY RAINS
RAINSTORM,1,HEAVY RAINS
RAPIDLY RISING WATER,1,FLOOD
RECORD  COLD,1,WINTER WEATHER
RECORD COLD,64,WINTER WEATHER
Record Cold,3,WINTER WEATHER
RECORD COLD AND HIGH WIND,1,WINTER WEATHER
RECORD COLD/FROST,2,WINTER WEATHER
RECORD COOL,5,WINTER WEATHER
Record dry month,1,DROUGHT
RECORD DRYNESS,2,DROUGHT
RECORD HEAT,81,HEAT
Record Heat,1,HEAT
RECORD HEAT WAVE,1,HEAT
RECORD HIGH,5,HEAT
Record High,2,HEAT
RECORD HIGH TEMPERATURE,3,HEAT
RECORD HIGH TEMPERATURES,1,HEAT
RECORD LOW,4,WINTER WEATHER
RECORD LOW RAINFALL,2,DROUGHT
Record May Snow,1,WINTER WEATHER
RECORD PRECIPITATION,1,HEAVY RAINS
RECORD RAINFALL,14,HEAVY RAINS
RECORD SNOW,8,WINTER WEATHER
RECORD SNOW/COLD,1,WINTER WEATHER
RECORD SNOWFALL,6,WINTER WEATHER
Record temperature,11,
RECORD TEMPERATURE,5,
RECORD TEMPERATURES,3,
Record Temperatures,2,
RECORD WARM,1,HEAT
RECORD WARM TEMPS.,1,HEAT
RECORD WARMTH,146,HEAT
Record Warmth,8,HEAT
Record Winter Snow,3,WINTER WEATHER
RECORD/EXCESSIVE HEAT,3,HEAT
RECORD/EXCESSIVE RAINFALL,1,HEAVY RAINS
RED FLAG CRITERIA,2,HEAT
RED FLAG FIRE WX,2,HEAT
REMNANTS OF FLOYD,2,
RIP CURRENT,470,SURF
RIP CURRENTS,304,SURF
RIP CURRENTS HEAVY SURF,1,SURF
RIP CURRENTS/HEAVY SURF,2,SURF
RIVER AND STREAM FLOOD,2,FLOOD
RIVER FLOOD,173,FLOOD
RIVER FLOODING,24,FLOOD
River Flooding,5,FLOOD
ROCK SLIDE,2,OTHER
ROGUE WAVE,1,SURF
ROTATING WALL CLOUD,5,FUNNEL CLOUD
ROUGH SEAS,3,SURF
ROUGH SURF,4,SURF
RURAL FLOOD,2,FLOOD
Saharan Dust,2,DUST STORM
SAHARAN DUST,2,DUST STORM
Seasonal Snowfall,1,WINTER WEATHER
SEICHE,21,SURF
SEVERE COLD,1,WINTER WEATHER
SEVERE THUNDERSTORM,13,WIND
SEVERE THUNDERSTORM WINDS,5,WIND
SEVERE THUNDERSTORMS,23,WIND
SEVERE TURBULENCE,1,FUNNEL CLOUD
SLEET,59,WINTER WEATHER
SLEET & FREEZING RAIN,1,WINTER WEATHER
SLEET STORM,12,WINTER WEATHER
SLEET/FREEZING RAIN,2,WINTER WEATHER
SLEET/ICE STORM,1,WINTER WEATHER
SLEET/RAIN/SNOW,1,WINTER WEATHER
SLEET/SNOW,2,WINTER WEATHER
SMALL HAIL,47,HAIL
small hail,5,HAIL
Small Hail,1,HAIL
SMALL STREAM,1,FLOOD
SMALL STREAM AND,1,FLOOD
SMALL STREAM AND URBAN FLOOD,2,FLOOD
SMALL STREAM AND URBAN FLOODIN,1,FLOOD
SMALL STREAM FLOOD,7,FLOOD
SMALL STREAM FLOODING,4,FLOOD
SMALL STREAM URBAN FLOOD,1,FLOOD
SMALL STREAM/URBAN FLOOD,5,FLOOD
Sml Stream Fld,2,FLOOD
SMOKE,11,WILDFIRE
SNOW,587,WINTER WEATHER
Snow,30,WINTER WEATHER
Snow Accumulation,1,WINTER WEATHER
SNOW ACCUMULATION,1,WINTER WEATHER
SNOW ADVISORY,1,WINTER WEATHER
SNOW AND COLD,2,WINTER WEATHER
SNOW AND HEAVY SNOW,2,WINTER WEATHER
SNOW AND ICE,33,WINTER WEATHER
Snow and Ice,1,WINTER WEATHER
SNOW AND ICE STORM,1,WINTER WEATHER
SNOW AND SLEET,4,WINTER WEATHER
Snow and sleet,1,WINTER WEATHER
SNOW AND WIND,1,WINTER WEATHER
SNOW DROUGHT,7,WINTER WEATHER
SNOW FREEZING RAIN,11,WINTER WEATHER
SNOW- HIGH WIND- WIND CHILL,1,WINTER WEATHER
SNOW SHOWERS,6,WINTER WEATHER
SNOW SLEET,1,WINTER WEATHER
SNOW SQUALL,19,WINTER WEATHER
SNOW SQUALLS,17,WINTER WEATHER
Snow Squalls,4,WINTER WEATHER
Snow squalls,1,WINTER WEATHER
SNOW/ BITTER COLD,1,WINTER WEATHER
SNOW/ ICE,1,WINTER WEATHER
SNOW/BLOWING SNOW,7,WINTER WEATHER
SNOW/COLD,2,WINTER WEATHER
SNOW/FREEZING RAIN,6,WINTER WEATHER
SNOW/HEAVY SNOW,1,WINTER WEATHER
SNOW/HIGH WINDS,2,WINTER WEATHER
SNOW/ICE,7,WINTER WEATHER
SNOW/ICE STORM,17,WINTER WEATHER
SNOW/RAIN,1,WINTER WEATHER
SNOW/RAIN/SLEET,1,WINTER WEATHER
SNOW/SLEET,10,WINTER WEATHER
SNOW/SLEET/FREEZING RAIN,6,WINTER WEATHER
SNOW/SLEET/RAIN,1,WINTER WEATHER
SNOW\COLD,1,WINTER WEATHER
SNOWFALL RECORD,1,WINTER WEATHER
SNOWMELT FLOODING,5,WINTER WEATHER
SNOWSTORM,1,WINTER WEATHER
SOUTHEAST,1,
STORM FORCE WINDS,1,WIND
STORM SURGE,261,STORM SURGE
STORM SURGE/TIDE,148,STORM SURGE
STREAM FLOODING,1,FLOOD
STREET FLOOD,3,FLOOD
STREET FLOODING,3,FLOOD
STRONG WIND,3566,WIND
Strong Wind,3,WIND
STRONG WIND GUST,2,WIND
STRONG WINDS,196,WIND
Strong Winds,7,WIND
Strong winds,1,WIND
Summary August 10,2,
Summary August 11,2,
Summary of April 12,2,
Summary of April 21,2,
Summary of June 13,2,
Summary of June 3,2,
Summary of March 23,2,
Summary September 23,2,
Summary: Nov. 16,2,
Temperature record,43,
THUDERSTORM WINDS,2,WIND
THUNDEERSTORM WINDS,2,WIND
THUNDERESTORM WINDS,1,WIND
THUNDERSNOW,1,WINTER WEATHER
Thundersnow shower,1,WINTER WEATHER
THUNDERSTORM,45,WIND
THUNDERSTORM  WINDS,7,WIND
THUNDERSTORM DAMAGE,2,WIND
THUNDERSTORM DAMAGE TO,1,WIND
THUNDERSTORM HAIL,1,HAIL
THUNDERSTORM W INDS,1,WIND
THUNDERSTORM WIND,82563,WIND
Thunderstorm Wind,1,WIND
THUNDERSTORM WIND (G40),1,WIND
THUNDERSTORM WIND 50,2,WIND
THUNDERSTORM WIND 52,1,WIND
THUNDERSTORM WIND 56,1,WIND
THUNDERSTORM WIND 59,1,WIND
THUNDERSTORM WIND 59 MPH,1,WIND
THUNDERSTORM WIND 59 MPH.,1,WIND
THUNDERSTORM WIND 60 MPH,4,WIND
THUNDERSTORM WIND 65 MPH,1,WIND
THUNDERSTORM WIND 65MPH,1,WIND
THUNDERSTORM WIND 69,1,WIND
THUNDERSTORM WIND 98 MPH,1,WIND
THUNDERSTORM WIND G50,4,WIND
THUNDERSTORM WIND G51,1,WIND
THUNDERSTORM WIND G52,2,WIND
THUNDERSTORM WIND G55,1,WIND
THUNDERSTORM WIND G60,2,WIND
THUNDERSTORM WIND G61,1,WIND
THUNDERSTORM WIND TREES,1,WIND
THUNDERSTORM WIND.,1,WIND
THUNDERSTORM WIND/ TREE,1,WIND
THUNDERSTORM WIND/ TREES,4,WIND
THUNDERSTORM WIND/AWNING,1,WIND
THUNDERSTORM WIND/HAIL,1,WIND
THUNDERSTORM WIND/LIGHTNING,1,WIND
THUNDERSTORM WINDS,20843,WIND
THUNDERSTORM WINDS      LE CEN,1,WIND
THUNDERSTORM WINDS 13,1,WIND
THUNDERSTORM WINDS 2,1,WIND
THUNDERSTORM WINDS 50,1,WIND
THUNDERSTORM WINDS 52,1,WIND
THUNDERSTORM WINDS 53,1,WIND
THUNDERSTORM WINDS 60,1,WIND
THUNDERSTORM WINDS 61,1,WIND
THUNDERSTORM WINDS 62,1,WIND
THUNDERSTORM WINDS 63 MPH,1,WIND
THUNDERSTORM WINDS AND,2,WIND
THUNDERSTORM WINDS FUNNEL CLOU,2,WIND
THUNDERSTORM WINDS G,2,WIND
THUNDERSTORM WINDS G60,1,WIND
THUNDERSTORM WINDS HAIL,61,WIND
THUNDERSTORM WINDS HEAVY RAIN,1,HEAVY RAINS
THUNDERSTORM WINDS LIGHTNING,7,WIND
THUNDERSTORM WINDS SMALL STREA,1,WIND
THUNDERSTORM WINDS URBAN FLOOD,1,FLOOD
THUNDERSTORM WINDS.,3,WIND
THUNDERSTORM WINDS/ FLOOD,2,FLOOD
THUNDERSTORM WINDS/ HAIL,1,WIND
THUNDERSTORM WINDS/FLASH FLOOD,1,WIND
THUNDERSTORM WINDS/FLOODING,1,FLOOD
THUNDERSTORM WINDS/FUNNEL CLOU,1,FUNNEL CLOUD
THUNDERSTORM WINDS/HAIL,24,WIND
THUNDERSTORM WINDS/HEAVY RAIN,1,HEAVY RAINS
THUNDERSTORM WINDS53,1,WIND
THUNDERSTORM WINDSHAIL,1,WIND
THUNDERSTORM WINDSS,51,WIND
THUNDERSTORM WINS,1,WIND
THUNDERSTORMS,4,WIND
THUNDERSTORMS WIND,6,WIND
THUNDERSTORMS WINDS,14,WIND
THUNDERSTORMW,1,WIND
THUNDERSTORMW 50,1,WIND
THUNDERSTORMW WINDS,3,WIND
THUNDERSTORMWINDS,1,WIND
THUNDERSTROM WIND,1,WIND
THUNDERSTROM WINDS,2,WIND
THUNDERTORM WINDS,3,WIND
THUNDERTSORM WIND,1,WIND
THUNDESTORM WINDS,2,WIND
THUNERSTORM WINDS,1,WIND
TIDAL FLOOD,1,FLOOD
TIDAL FLOODING,20,FLOOD
Tidal Flooding,5,FLOOD
TORNADO,60652,TORNADO
TORNADO DEBRIS,1,TORNADO
TORNADO F0,19,TORNADO
TORNADO F1,4,TORNADO
TORNADO F2,3,TORNADO
TORNADO F3,2,TORNADO
TORNADO/WATERSPOUT,1,TORNADO
TORNADOES,2,TORNADO
"TORNADOES, TSTM WIND, HAIL",1,TORNADO
TORNADOS,1,TORNADO
TORNDAO,1,TORNADO
TORRENTIAL RAIN,1,HEAVY RAINS
Torrential Rainfall,1,HEAVY RAINS
TROPICAL DEPRESSION,60,TROPICAL STORM
TROPICAL STORM,690,TROPICAL STORM
TROPICAL STORM ALBERTO,1,TROPICAL STORM
TROPICAL STORM DEAN,2,TROPICAL STORM
TROPICAL STORM GORDON,1,TROPICAL STORM
TROPICAL STORM JERRY,3,TROPICAL STORM
TSTM,1,WIND
TSTM HEAVY RAIN,3,HEAVY RAINS
TSTM WIND,219940,WIND
Tstm Wind,2,WIND
TSTM WIND  (G45),1,WIND
TSTM WIND (41),1,WIND
TSTM WIND (G35),1,WIND
TSTM WIND (G40),10,WIND
TSTM WIND (G45),39,WIND
TSTM WIND 40,1,WIND
TSTM WIND 45,1,WIND
TSTM WIND 50,1,WIND
TSTM WIND 51,2,WIND
TSTM WIND 52,5,WIND
TSTM WIND 55,3,WIND
TSTM WIND 65),1,WIND
TSTM WIND AND LIGHTNING,1,WIND
TSTM WIND DAMAGE,1,WIND
TSTM WIND G45,1,WIND
TSTM WIND G58,1,WIND
TSTM WIND/HAIL,1028,WIND
TSTM WINDS,6,WIND
TSTM WND,1,WIND
TSTMW,1,WIND
TSUNAMI,20,TSUNAMI
TUNDERSTORM WIND,1,WIND
TYPHOON,11,HURRICANE
Unseasonable Cold,1,WINTER WEATHER
UNSEASONABLY COLD,23,WINTER WEATHER
UNSEASONABLY COOL,12,WINTER WEATHER
UNSEASONABLY COOL & WET,2,WINTER WEATHER
UNSEASONABLY DRY,56,DROUGHT
UNSEASONABLY HOT,10,HEAT
UNSEASONABLY WARM,126,HEAT
UNSEASONABLY WARM & WET,1,HEAT
UNSEASONABLY WARM AND DRY,13,HEAT
UNSEASONABLY WARM YEAR,2,HEAT
UNSEASONABLY WARM/WET,2,HEAT
UNSEASONABLY WET,19,HEAVY RAINS
UNSEASONAL LOW TEMP,2,WINTER WEATHER
UNSEASONAL RAIN,2,HEAVY RAINS
UNUSUAL WARMTH,10,HEAT
UNUSUAL/RECORD WARMTH,2,HEAT
UNUSUALLY COLD,8,WINTER WEATHER
UNUSUALLY LATE SNOW,1,WINTER WEATHER
UNUSUALLY WARM,4,HEAT
URBAN AND SMALL,2,FLOOD
URBAN AND SMALL STREAM,3,FLOOD
URBAN AND SMALL STREAM FLOOD,3,FLOOD
URBAN AND SMALL STREAM FLOODIN,6,FLOOD
URBAN FLOOD,249,FLOOD
Urban flood,1,FLOOD
Urban Flood,1,FLOOD
URBAN FLOOD LANDSLIDE,1,FLOOD
URBAN FLOODING,98,FLOOD
Urban Flooding,1,FLOOD
URBAN FLOODS,3,FLOOD
URBAN SMALL,1,FLOOD
URBAN SMALL STREAM FLOOD,2,FLOOD
URBAN/SMALL,2,FLOOD
URBAN/SMALL FLOODING,1,FLOOD
URBAN/SMALL STREAM,8,FLOOD
URBAN/SMALL STREAM  FLOOD,2,FLOOD
URBAN/SMALL STREAM FLOOD,30,FLOOD
URBAN/SMALL STREAM FLOODING,4,FLOOD
URBAN/SMALL STRM FLDG,1,FLOOD
URBAN/SML STREAM FLD,3392,FLOOD
URBAN/SML STREAM FLDG,1,FLOOD
URBAN/STREET FLOODING,3,FLOOD
VERY DRY,2,DROUGHT
VERY WARM,1,HEAT
VOG,1,FOG
VOLCANIC ASH,22,VOLCANIC ASH
Volcanic Ash,1,VOLCANIC ASH
Volcanic Ash Plume,1,VOLCANIC ASH
VOLCANIC ASHFALL,3,VOLCANIC ASH
VOLCANIC ERUPTION,2,VOLCANIC ASH
WAKE LOW WIND,2,
WALL CLOUD,5,FUNNEL CLOUD
WALL CLOUD/FUNNEL CLOUD,1,FUNNEL CLOUD
WARM DRY CONDITIONS,1,DROUGHT
WARM WEATHER,1,HEAT
WATER SPOUT,1,TORNADO
WATERSPOUT,3796,TORNADO
WATERSPOUT-,10,TORNADO
WATERSPOUT FUNNEL CLOUD,1,TORNADO
WATERSPOUT TORNADO,1,TORNADO
WATERSPOUT/,1,TORNADO
WATERSPOUT/ TORNADO,2,TORNADO
WATERSPOUT/TORNADO,8,TORNADO
WATERSPOUTS,37,TORNADO
WATERSPOUT-TORNADO,2,TORNADO
WAYTERSPOUT,1,TORNADO
wet micoburst,1,WIND
WET MICROBURST,6,WIND
Wet Month,4,HEAVY RAINS
WET SNOW,1,WINTER WEATHER
WET WEATHER,1,HEAVY RAINS
Wet Year,4,HEAVY RAINS
Whirlwind,2,WIND
WHIRLWIND,1,WIND
WILD FIRES,4,WILDFIRE
WILD/FOREST FIRE,1457,WILDFIRE
WILD/FOREST FIRES,1,WILDFIRE
WILDFIRE,2761,WILDFIRE
WILDFIRES,8,WILDFIRE
WIND,340,WIND
Wind,6,WIND
WIND ADVISORY,12,WIND
WIND AND WAVE,1,WIND
WIND CHILL,18,WINTER WEATHER
WIND CHILL/HIGH WIND,1,WINTER WEATHER
WIND DAMAGE,27,WIND
Wind Damage,4,WIND
WIND GUSTS,3,WIND
WIND STORM,1,WIND
WIND/HAIL,1,WIND
WINDS,36,WIND
WINTER MIX,3,WINTER WEATHER
WINTER STORM,11433,WINTER WEATHER
WINTER STORM HIGH WINDS,1,WINTER WEATHER
WINTER STORM/HIGH WIND,1,WINTER WEATHER
WINTER STORM/HIGH WINDS,1,WINTER WEATHER
WINTER STORMS,3,WINTER WEATHER
WINTER WEATHER,7026,WINTER WEATHER
Winter Weather,19,WINTER WEATHER
WINTER WEATHER MIX,6,WINTER WEATHER
WINTER WEATHER/MIX,1104,WINTER WEATHER
WINTERY MIX,2,WINTER WEATHER
WINTRY MIX,90,WINTER WEATHER
Wintry mix,3,WINTER WEATHER
Wintry Mix,1,WINTER WEATHER
WND,1,WIND
